timestamp,label,cpu_percent,cpu_freq_mhz,mem_used_mb,mem_available_mb,mem_percent,swap_used_mb,swap_percent,cpu_temp_c,cpu_core_0,cpu_core_1,cpu_core_2,cpu_core_3,bottleneck_label
2026-05-12 17:07:05.931,idle,0.1296703296703297,0.0,0.7098213127933803,0.9660298683345792,0.018867924528302993,1.0,0.31654676258992787,0.0,0.20344456404736277,0.05494505494505495,0.20969441517386722,0.043907793633369926,0
2026-05-12 17:07:06.935,idle,0.19340659340659344,0.0,0.7477631681319536,0.9432320348086201,0.0566037735849072,1.0,0.31654676258992787,0.0,0.2820236813778256,0.1,0.2760800842992624,0.10867178924259058,0
2026-05-12 17:07:07.938,idle,0.1296703296703297,0.0,0.764801991752897,0.9484216012871931,0.03773584905660421,1.0,0.31654676258992787,0.0,0.18406889128094722,0.07692307692307693,0.18861959957850366,0.06586169045005488,0
2026-05-12 17:07:08.941,idle,0.06373626373626376,0.0,0.7645167146450884,0.9471072132707858,0.03773584905660421,1.0,0.31654676258992787,0.0,0.10656620021528525,0.04395604395604396,0.07270811380400423,0.03293084522502744,0
2026-05-12 17:07:09.951,idle,0.4285714285714286,0.0,0.7924479369278234,0.9241507467083636,0.07547169811320842,1.0,0.31654676258992787,0.0,0.7233584499461786,0.1208791208791209,0.726027397260274,0.09989023051591658,0
2026-05-12 17:07:10.955,idle,0.3043956043956044,0.0,0.7993464560802934,0.91637772792168,0.07547169811320842,1.0,0.31654676258992787,0.0,0.526372443487621,0.1098901098901099,0.46786090621707055,0.09879253567508234,1
2026-05-12 17:07:11.960,idle,0.27142857142857146,0.0,0.7998392074483256,0.916400389784032,0.07547169811320842,1.0,0.31654676258992787,0.0,0.4779332615715823,0.07802197802197802,0.40990516332982085,0.0889132821075741,0
2026-05-12 17:07:12.964,idle,0.22087912087912093,0.0,0.8056225524520872,0.9113694563419221,0.07547169811320842,1.0,0.31654676258992787,0.0,0.36921420882669537,0.07692307692307693,0.357218124341412,0.07683863885839737,0
2026-05-12 17:07:13.967,idle,0.1461538461538462,0.0,0.8056225524520872,0.9125252113218654,0.07547169811320842,1.0,0.31654676258992787,0.0,0.2755651237890204,0.04395604395604396,0.22339304531085352,0.021953896816684963,0
2026-05-12 17:07:14.972,idle,0.02417582417582418,0.0,0.7909956171062529,0.9251705305141975,0.07547169811320842,1.0,0.31654676258992787,0.0,0.04198062432723358,0.02197802197802198,0.02002107481559537,0.021953896816684963,0
2026-05-12 17:07:15.975,idle,0.03626373626373627,0.0,0.7930184911434424,0.9218845604731793,0.07547169811320842,1.0,0.31654676258992787,0.0,0.054897739504843904,0.03296703296703297,0.04214963119072708,0.021953896816684963,0
2026-05-12 17:07:16.980,idle,0.09890109890109891,0.0,0.7892061516118147,0.9268475083282341,0.07547169811320842,1.0,0.31654676258992787,0.0,0.17115177610333693,0.04395604395604396,0.1253951527924131,0.05488474204171241,0
2026-05-12 17:07:17.984,idle,0.04615384615384616,0.0,0.785238206385019,0.9297935504339749,0.0566037735849072,1.0,0.31654676258992787,0.0,0.07319698600645856,0.03296703296703297,0.06217070600632245,0.021953896816684963,0
2026-05-12 17:07:18.986,idle,0.3384615384615385,0.0,0.8153219741175857,0.9045255739116635,0.09433962264150786,1.0,0.31654676258992787,0.0,0.5866523143164692,0.09890109890109891,0.553213909378293,0.09001097694840834,0
2026-05-12 17:07:19.987,idle,0.24615384615384617,0.0,0.8245286444150537,0.8972737779590716,0.09433962264150786,1.0,0.31654676258992787,0.0,0.42411194833153926,0.07802197802197802,0.37829293993677554,0.0889132821075741,0
2026-05-12 17:07:20.988,idle,0.11098901098901101,0.0,0.8241655644596584,0.8974550728578876,0.09433962264150786,1.0,0.31654676258992787,0.0,0.21743810548977394,0.03296703296703297,0.14857744994731298,0.043907793633369926,0
2026-05-12 17:07:21.997,idle,0.2131868131868132,0.0,0.8041961669130426,0.91429283658531,0.07547169811320842,1.0,0.31654676258992787,0.0,0.3821313240043057,0.07582417582417583,0.3150684931506849,0.06586169045005488,0
2026-05-12 17:07:23.003,idle,0.3120879120879121,0.0,0.8347726860136415,0.8889795363382955,0.11320754716981263,1.0,0.31654676258992787,0.0,0.5479009687836383,0.08901098901098901,0.5047418335089567,0.07793633369923161,0
2026-05-12 17:07:24.004,idle,0.13516483516483518,0.0,0.8347726860136415,0.8889795363382955,0.11320754716981263,1.0,0.31654676258992787,0.0,0.2572658772874058,0.04395604395604396,0.19072708113804004,0.043907793633369926,0
2026-05-12 17:07:25.007,idle,0.19230769230769232,0.0,0.854093726497057,0.8714845786026695,0.13207547169811207,1.0,0.31654676258992787,0.0,0.3153928955866523,0.110989010989011,0.22339304531085352,0.11086717892425905,0
2026-05-12 17:07:26.011,idle,0.05164835164835165,0.0,0.8531341580435168,0.8732295420037621,0.11320754716981263,1.0,0.31654676258992787,0.0,0.11733046286329386,0.02197802197802198,0.05163329820864067,0.021953896816684963,0
2026-05-12 17:07:27.016,idle,0.2131868131868132,0.0,0.84231956222931,0.8819090352845196,0.11320754716981263,1.0,0.31654676258992787,0.0,0.3799784714747039,0.06593406593406594,0.3298208640674394,0.06586169045005488,0
2026-05-12 17:07:28.018,idle,0.3692307692307693,0.0,0.827900101143701,0.8960047136673683,0.09433962264150786,1.0,0.31654676258992787,0.0,0.6415500538213131,0.110989010989011,0.589041095890411,0.10098792535675083,0
2026-05-12 17:07:29.023,idle,0.3098901098901099,0.0,0.7929406882958574,0.9272100981258635,0.07547169811320842,1.0,0.31654676258992787,0.0,0.5048439181916038,0.1208791208791209,0.43097997892518436,0.16465422612513722,0
2026-05-12 17:07:30.025,idle,0.16593406593406598,0.0,0.8060634352550622,0.914270174722958,0.07547169811320842,1.0,0.31654676258992787,0.0,0.3326157158234661,0.056043956043956046,0.22339304531085352,0.043907793633369926,0
2026-05-12 17:07:31.026,idle,0.2164835164835165,0.0,0.8194195907570219,0.9038683799034599,0.09433962264150786,1.0,0.31654676258992787,0.0,0.36275565123789016,0.08901098901098901,0.3150684931506849,0.08781558726673985,0
2026-05-12 17:07:32.030,idle,0.16263736263736267,0.0,0.8207422391659538,0.9021914020894233,0.09433962264150786,1.0,0.31654676258992787,0.0,0.2970936490850377,0.05494505494505495,0.24446786090621708,0.043907793633369926,0
2026-05-12 17:07:33.035,idle,0.3593406593406594,0.0,0.8684613190176087,0.8630317039454303,0.13207547169811207,1.0,0.31654676258992787,0.0,0.6555435952637243,0.07692307692307693,0.5995785036880927,0.07683863885839737,0
2026-05-12 17:07:34.040,idle,0.2241758241758242,0.0,0.8786534920511428,0.8535590454823572,0.15094339622641684,1.0,0.31654676258992787,0.0,0.3799784714747039,0.07802197802197802,0.3466807165437302,0.07683863885839737,0
2026-05-12 17:07:35.042,idle,0.23076923076923078,0.0,0.89322855883192,0.8406191220794517,0.15094339622641684,1.0,0.31654676258992787,0.0,0.36921420882669537,0.12197802197802199,0.3150684931506849,0.11086717892425905,0
2026-05-12 17:07:36.043,idle,0.21098901098901102,0.0,0.8920874504006839,0.8438371065334147,0.15094339622641684,1.0,0.31654676258992787,0.0,0.34337997847147467,0.1197802197802198,0.2760800842992624,0.08781558726673985,0
2026-05-12 17:07:37.047,idle,0.16043956043956048,0.0,0.8956923156720862,0.8398032950347858,0.15094339622641684,1.0,0.31654676258992787,0.0,0.2680301399354144,0.08901098901098901,0.2149631190727081,0.06586169045005488,0
2026-05-12 17:07:38.049,idle,0.8802197802197802,0.0,0.8990119038356799,0.8373331520384344,0.15094339622641684,1.0,0.31654676258992787,0.0,0.890204520990312,0.8461538461538463,0.8735511064278187,0.8649835345773875,0
2026-05-12 17:07:39.050,idle,0.8725274725274726,0.0,0.9601908763194054,0.7854148253903501,0.2075471698113205,1.0,0.31654676258992787,0.0,0.9999999999999999,0.7252747252747254,0.9894625922023181,0.716794731064764,0
2026-05-12 17:07:40.054,idle,0.8560439560439562,0.0,0.9577011851967114,0.787431731139665,0.2075471698113205,1.0,0.31654676258992787,0.0,0.9999999999999999,0.687912087912088,1.0,0.6717892425905599,0
2026-05-12 17:07:41.056,idle,1.0,0.0,0.9881739671671976,0.7592630362363177,0.2452830188679247,1.0,0.31654676258992787,0.0,0.9784714747039825,1.0,0.9683877766069546,1.0,0
2026-05-12 17:07:42.061,idle,0.632967032967033,0.0,1.0,0.7472975729145421,0.2452830188679247,1.0,0.31654676258992787,0.0,0.7168998923573735,0.5384615384615385,0.7555321390937829,0.48737650933040616,0
2026-05-12 17:07:43.064,idle,0.3703296703296704,0.0,0.9977696517025851,0.7489972125909308,0.2452830188679247,1.0,0.31654676258992787,0.0,0.4510226049515608,0.221978021978022,0.649104320337197,0.13062568605927555,0
2026-05-12 17:07:44.068,idle,0.2956043956043956,0.0,0.9328561425348152,0.8060144582681801,0.1886792452830175,1.0,0.31654676258992787,0.0,0.39074273412271254,0.14395604395604397,0.5468914646996839,0.07683863885839737,0
2026-05-12 17:07:45.069,idle,0.2802197802197802,0.0,0.8973521097538839,0.8386248781924897,0.15094339622641684,1.0,0.31654676258992787,0.0,0.35199138858988155,0.15494505494505495,0.5363540569020021,0.05598243688254665,0
2026-05-12 17:07:46.069,idle,0.30879120879120886,0.0,0.7920070541248485,0.9296575792598638,0.0566037735849072,1.0,0.31654676258992787,0.0,0.3541442411194833,0.15494505494505495,0.6417281348788197,0.06586169045005488,0
2026-05-12 17:07:47.071,idle,0.2538461538461539,0.0,0.825591949998703,0.899789244680127,0.09433962264150786,1.0,0.31654676258992787,0.0,0.3261571582346609,0.16483516483516486,0.40990516332982085,0.09989023051591658,0
2026-05-12 17:07:48.075,idle,0.03626373626373627,0.0,0.7666433258123906,0.9522514560246558,0.03773584905660421,1.0,0.31654676258992787,0.0,0.04305705059203445,0.02197802197802198,0.053740779768177024,0.03293084522502744,0
2026-05-12 17:07:49.076,idle,0.24285714285714288,0.0,0.7388417749422977,0.9769982097128738,0.018867924528302993,1.0,0.31654676258992787,0.0,0.38643702906350913,0.12197802197802199,0.3361433087460485,0.11086717892425905,0
2026-05-12 17:07:50.077,idle,0.01978021978021978,0.0,0.7388417749422977,0.9771115190246329,0.018867924528302993,1.0,0.31654676258992787,0.0,0.03229278794402583,0.02197802197802198,0.030558482613277135,0.0,0
2026-05-12 17:07:51.077,idle,0.030769230769230778,0.0,0.7404497004590365,0.9764996487411324,0.018867924528302993,1.0,0.31654676258992787,0.0,0.0527448869752422,0.01098901098901099,0.0410958904109589,0.021953896816684963,0
2026-05-12 17:07:52.077,idle,0.05824175824175825,0.0,0.7374931922508363,0.9779500079316517,0.018867924528302993,1.0,0.31654676258992787,0.0,0.08611410118406888,0.04395604395604396,0.0737618545837724,0.03293084522502744,0
2026-05-12 17:07:53.078,idle,0.06923076923076923,0.0,0.71643455483804,0.9969859723072032,0.0,1.0,0.31654676258992787,0.0,0.10871905274488695,0.05494505494505495,0.08429926238145415,0.03293084522502744,0
2026-05-12 17:07:54.078,idle,0.03296703296703297,0.0,0.7109364869420887,1.0,0.0,1.0,0.31654676258992787,0.0,0.06458557588805165,0.01098901098901099,0.0410958904109589,0.021953896816684963,0
2026-05-12 17:07:55.079,idle,0.2670329670329671,0.0,0.6862729842578901,0.9607949781313021,0.03773584905660421,1.0,0.31654676258992787,0.0,0.3261571582346609,0.23296703296703297,0.29083245521601686,0.20856201975850716,0
2026-05-12 17:07:56.084,idle,0.14285714285714288,0.0,0.6885033325553032,0.956602533596211,0.03773584905660421,1.0,0.31654676258992787,0.0,0.22497308934337995,0.08791208791208792,0.20969441517386722,0.043907793633369926,0
2026-05-12 17:07:57.088,idle,0.3098901098901099,0.0,0.6795560050831178,0.9612708772406915,0.03773584905660421,1.0,0.31654676258992787,0.0,0.5209903121636167,0.19780219780219782,0.37829293993677554,0.1207464324917673,0
2026-05-12 17:07:58.093,idle,0.19340659340659344,0.0,0.6803599678414898,0.9614521721395057,0.03773584905660421,1.0,0.31654676258992787,0.0,0.3293864370290635,0.08791208791208792,0.2697576396206533,0.07793633369923161,0
2026-05-12 17:07:59.097,idle,0.17252747252747255,0.0,0.6826681189864878,0.9518208806399704,0.03773584905660421,1.0,0.31654676258992787,0.0,0.2540365984930032,0.09890109890109891,0.2012644889357218,0.13062568605927555,0
2026-05-12 17:08:00.098,idle,0.09120879120879122,0.0,0.735133172540781,0.8928547148004622,0.09433962264150786,1.0,0.31654676258992787,0.0,0.14101184068891282,0.06483516483516484,0.10642781875658587,0.05598243688254665,0
2026-05-12 17:08:01.101,idle,0.07142857142857142,0.0,0.7031821364661948,0.9202075826591427,0.07547169811320842,1.0,0.31654676258992787,0.0,0.10871905274488695,0.04395604395604396,0.10642781875658587,0.03293084522502744,0
2026-05-12 17:08:02.104,idle,0.04065934065934066,0.0,0.703571150704116,0.9189158565050874,0.07547169811320842,1.0,0.31654676258992787,0.0,0.07319698600645856,0.03296703296703297,0.0410958904109589,0.021953896816684963,0
2026-05-12 17:08:03.105,idle,0.05274725274725275,0.0,0.6977618714178284,0.9241734085707165,0.07547169811320842,1.0,0.31654676258992787,0.0,0.09795479009687834,0.03296703296703297,0.06322444678609061,0.021953896816684963,0
2026-05-12 17:08:04.108,idle,0.11538461538461539,0.0,0.6933011748229987,0.926598227842363,0.07547169811320842,1.0,0.31654676258992787,0.0,0.19806243272335844,0.06593406593406594,0.1464699683877766,0.05488474204171241,0
2026-05-12 17:08:05.111,idle,0.025274725274725275,0.0,0.6870510127337326,0.9320597366691592,0.0566037735849072,1.0,0.31654676258992787,0.0,0.051668460710441344,0.02197802197802198,0.021074815595363533,0.010976948408342482,0
2026-05-12 17:08:06.114,idle,0.06373626373626376,0.0,0.8186415622811793,0.8177759648287894,0.16981132075471628,1.0,0.31654676258992787,0.0,0.09795479009687834,0.03296703296703297,0.10326659641728135,0.021953896816684963,0
2026-05-12 17:08:07.115,idle,0.030769230769230778,0.0,0.8271480069503863,0.8112266866091051,0.1886792452830175,1.0,0.31654676258992787,0.0,0.06350914962325081,0.01098901098901099,0.04320337197049526,0.010976948408342482,0
2026-05-12 17:08:08.116,idle,0.08241758241758243,0.0,0.8291968152701035,0.8087565436127537,0.1886792452830175,1.0,0.31654676258992787,0.0,0.1496232508073197,0.05494505494505495,0.09378292939936776,0.03293084522502744,0
2026-05-12 17:08:09.119,idle,0.021978021978021983,0.0,0.8291190124225203,0.8093910757586054,0.1886792452830175,1.0,0.31654676258992787,0.0,0.03229278794402583,0.02197802197802198,0.021074815595363533,0.021953896816684963,0
2026-05-12 17:08:10.120,idle,0.010989010989010992,0.0,0.8286003267719604,0.809980284179753,0.1886792452830175,1.0,0.31654676258992787,0.0,0.010764262648008616,0.01098901098901099,0.02002107481559537,0.010976948408342482,0
2026-05-12 17:08:11.120,idle,0.01978021978021978,0.0,0.7796623356414845,0.853423074308246,0.15094339622641684,1.0,0.31654676258992787,0.0,0.04198062432723358,0.01098901098901099,0.02002107481559537,0.010976948408342482,0
2026-05-12 17:08:12.122,idle,0.19890109890109894,0.0,0.7474519567416174,0.8536496929317643,0.13207547169811207,0.9123887748117738,0.27338129496402797,0.0,0.3261571582346609,0.13186813186813187,0.22339304531085352,0.10976948408342482,0
2026-05-12 17:08:13.127,idle,0.19780219780219782,0.0,0.7155527892320848,0.8545108437011351,0.13207547169811207,0.8247775496235459,0.22302158273381334,0.0,0.3218514531754575,0.1208791208791209,0.2518440463645943,0.08781558726673985,0
2026-05-12 17:08:14.127,idle,0.7010989010989012,0.0,0.5251173526284383,0.874022707186076,0.11320754716981263,0.8247775496235459,0.22302158273381334,0.0,0.7696447793326155,0.621978021978022,0.7334035827186512,0.6388583973655325,0
2026-05-12 17:08:15.129,idle,0.37252747252747254,0.0,0.5129282398402442,0.8622385387631155,0.13207547169811207,0.8247775496235459,0.22302158273381334,0.0,0.5209903121636167,0.2087912087912088,0.4731296101159115,0.27222832052689355,0
2026-05-12 17:08:16.129,idle,0.1945054945054945,0.0,0.5840919110972802,0.7958619439345513,0.2075471698113205,0.8247775496235459,0.22302158273381334,0.0,0.4122712594187298,0.06703296703296703,0.2012644889357218,0.08781558726673985,0
2026-05-12 17:08:17.134,idle,0.17142857142857146,0.0,0.575533597863016,0.7970856845015524,0.2075471698113205,0.8247775496235459,0.22302158273381334,0.0,0.4779332615715823,0.03296703296703297,0.13804004214963117,0.03293084522502744,0
2026-05-12 17:08:18.138,idle,0.17912087912087915,0.0,0.5778936175730696,0.7918734561606273,0.2075471698113205,0.8247775496235459,0.22302158273381334,0.0,0.4779332615715823,0.04395604395604396,0.1464699683877766,0.043907793633369926,0
2026-05-12 17:08:19.140,idle,0.15604395604395604,0.0,0.5976036722944063,0.776010152514333,0.2264150943396217,0.8247775496235459,0.22302158273381334,0.0,0.3961248654467169,0.04395604395604396,0.1506849315068493,0.03293084522502744,0
2026-05-12 17:08:20.144,idle,0.15494505494505498,0.0,0.6197256152908537,0.7580166338069656,0.2452830188679247,0.8247775496235459,0.22302158273381334,0.0,0.3961248654467169,0.03296703296703297,0.14014752370916755,0.05488474204171241,0
2026-05-12 17:08:21.145,idle,0.143956043956044,0.0,0.6096112451049027,0.7556598001223742,0.2452830188679247,0.8247775496235459,0.22302158273381334,0.0,0.39074273412271254,0.03296703296703297,0.11696522655426765,0.03293084522502744,0
2026-05-12 17:08:22.148,idle,0.1296703296703297,0.0,0.5997043491791789,0.7576993677340402,0.2452830188679247,0.8247775496235459,0.22302158273381334,0.0,0.35844994617868675,0.02197802197802198,0.11275026343519494,0.021953896816684963,0
2026-05-12 17:08:23.151,idle,0.1285714285714286,0.0,0.5900049275136805,0.7558184331588373,0.2452830188679247,0.8247775496235459,0.22302158273381334,0.0,0.36275565123789016,0.02197802197802198,0.09694415173867228,0.03293084522502744,0
2026-05-12 17:08:24.151,idle,0.15274725274725276,0.0,0.5747037008221145,0.7548439730777066,0.2452830188679247,0.8247775496235459,0.22302158273381334,0.0,0.40150699677072116,0.03296703296703297,0.14014752370916755,0.03293084522502744,0
2026-05-12 17:08:25.154,idle,0.15164835164835166,0.0,0.5562125573796006,0.7586285040904661,0.2452830188679247,0.8247775496235459,0.22302158273381334,0.0,0.3961248654467169,0.03296703296703297,0.1464699683877766,0.03293084522502744,0
2026-05-12 17:08:26.154,idle,0.17362637362637365,0.0,0.5348427085764662,0.7611439708115215,0.2264150943396217,0.8247775496235459,0.22302158273381334,0.0,0.4510226049515608,0.03296703296703297,0.16332982086406744,0.034028540065861694,0
2026-05-12 17:08:27.155,idle,0.1406593406593407,0.0,0.5241318498923704,0.7606000861150761,0.2452830188679247,0.8247775496235459,0.22302158273381334,0.0,0.3842841765339074,0.03296703296703297,0.1148577449947313,0.03293084522502744,0
2026-05-12 17:08:28.159,idle,0.17802197802197803,0.0,0.4853082289478472,0.7635914519455209,0.2264150943396217,0.8247775496235459,0.22302158273381334,0.0,0.4284176533907427,0.045054945054945054,0.15911485774499473,0.07683863885839737,0
2026-05-12 17:08:29.162,idle,0.22197802197802202,0.0,0.46616872844212764,0.7700274208534461,0.2264150943396217,0.8247775496235459,0.22302158273381334,0.0,0.4617868675995694,0.10879120879120881,0.22339304531085352,0.08781558726673985,0
2026-05-12 17:08:30.165,idle,0.16813186813186817,0.0,0.4548354469773592,0.7720669884651112,0.2264150943396217,0.8247775496235459,0.22302158273381334,0.0,0.42411194833153926,0.03296703296703297,0.16965226554267648,0.043907793633369926,0
2026-05-12 17:08:31.165,idle,0.11648351648351649,0.0,0.4338027438470906,0.7709792190722222,0.2264150943396217,0.8247775496235459,0.22302158273381334,0.0,0.3153928955866523,0.02197802197802198,0.10642781875658587,0.021953896816684963,0
2026-05-12 17:08:32.166,idle,0.01978021978021978,0.0,0.44536943385461036,0.7601695107303907,0.2452830188679247,0.8247775496235459,0.22302158273381334,0.0,0.0441334768568353,0.02197802197802198,0.010537407797681766,0.010976948408342482,0
2026-05-12 17:08:33.166,idle,0.12197802197802199,0.0,0.43611089499209044,0.7692569175334825,0.2264150943396217,0.8247775496235459,0.22302158273381334,0.0,0.1733046286329386,0.07802197802197802,0.14857744994731298,0.0889132821075741,0
2026-05-12 17:08:34.167,idle,0.02747252747252748,0.0,0.43398428382478826,0.7711605139710382,0.2264150943396217,0.8247775496235459,0.22302158273381334,0.0,0.04198062432723358,0.02197802197802198,0.0410958904109589,0.021953896816684963,0
2026-05-12 17:08:35.167,idle,0.014285714285714284,0.0,0.4342436266500673,0.7704126725134266,0.2264150943396217,0.8247775496235459,0.22302158273381334,0.0,0.020452099031216364,0.01098901098901099,0.010537407797681766,0.010976948408342482,0
2026-05-12 17:08:36.171,idle,0.014285714285714284,0.0,0.43567001218911194,0.769778140367575,0.2264150943396217,0.8247775496235459,0.22302158273381334,0.0,0.010764262648008616,0.02197802197802198,0.02002107481559537,0.010976948408342482,0
2026-05-12 17:08:37.175,idle,0.04725274725274726,0.0,0.43613682927461817,0.7705713055498897,0.2264150943396217,0.8247775496235459,0.22302158273381334,0.0,0.10656620021528525,0.02197802197802198,0.052687038988408846,0.010976948408342482,0
2026-05-12 17:08:38.178,idle,0.018681318681318684,0.0,0.43631836925231404,0.7697328166428719,0.2264150943396217,0.8247775496235459,0.22302158273381334,0.0,0.021528525296017217,0.02197802197802198,0.02002107481559537,0.021953896816684963,0
2026-05-12 17:08:39.183,idle,0.03296703296703297,0.0,0.43525506366866296,0.7705259818251857,0.2264150943396217,0.8247775496235459,0.22302158273381334,0.0,0.062432723358449946,0.02197802197802198,0.0410958904109589,0.010976948408342482,0
2026-05-12 17:08:40.186,idle,0.08571428571428574,0.0,0.434425166627765,0.770843247898112,0.2264150943396217,0.8247775496235459,0.22302158273381334,0.0,0.11948331539289557,0.056043956043956046,0.10432033719704951,0.06476399560922065,0
2026-05-12 17:08:41.188,idle,0.01978021978021978,0.0,0.4355403407764715,0.7713418088698525,0.2264150943396217,0.8247775496235459,0.22302158273381334,0.0,0.04305705059203445,0.01098901098901099,0.02002107481559537,0.010976948408342482,0
2026-05-12 17:08:42.193,idle,0.02747252747252748,0.0,0.440026971653829,0.7693022412581865,0.2264150943396217,0.8247775496235459,0.22302158273381334,0.0,0.07427341227125943,0.02197802197802198,0.010537407797681766,0.010976948408342482,0
2026-05-12 17:08:43.195,idle,0.010989010989010992,0.0,0.43997510308877175,0.7699141115416861,0.2264150943396217,0.8247775496235459,0.22302158273381334,0.0,0.03121636167922498,0.0,0.010537407797681766,0.010976948408342482,0
2026-05-12 17:08:44.199,idle,0.018681318681318684,0.0,0.44000103737130125,0.7680105151041303,0.2264150943396217,0.8247775496235459,0.22302158273381334,0.0,0.020452099031216364,0.02197802197802198,0.02002107481559537,0.021953896816684963,0
2026-05-12 17:08:45.199,idle,0.26593406593406593,0.0,0.46409398583988093,0.7194461440841202,0.28301886792452713,0.8247775496235459,0.22302158273381334,0.0,0.4391819160387513,0.15494505494505495,0.30453108535300316,0.15367727771679474,0
2026-05-12 17:08:46.199,idle,0.10879120879120882,0.0,0.49298477657615614,0.6814648627824225,0.32075471698113134,0.8247775496235459,0.22302158273381334,0.0,0.18406889128094722,0.06593406593406594,0.1506849315068493,0.03293084522502744,0
2026-05-12 17:08:47.199,idle,0.01978021978021978,0.0,0.4930366451412116,0.681079611122442,0.32075471698113134,0.8247775496235459,0.22302158273381334,0.0,0.03121636167922498,0.02197802197802198,0.010537407797681766,0.021953896816684963,0
2026-05-12 17:08:48.200,idle,0.06593406593406595,0.0,0.4931403822713243,0.6817594669929967,0.32075471698113134,0.8247775496235459,0.22302158273381334,0.0,0.08611410118406888,0.04395604395604396,0.10432033719704951,0.03293084522502744,0
2026-05-12 17:08:49.202,idle,0.010989010989010992,0.0,0.4929588422936284,0.6821900423776821,0.32075471698113134,0.8247775496235459,0.22302158273381334,0.0,0.020452099031216364,0.01098901098901099,0.009483667017913602,0.010976948408342482,0
2026-05-12 17:08:50.205,idle,0.07472527472527474,0.0,0.49830130449441157,0.6743716998662954,0.32075471698113134,0.8247775496235459,0.22302158273381334,0.0,0.1302475780409042,0.04395604395604396,0.09483667017913593,0.03293084522502744,0
2026-05-12 17:08:51.206,idle,0.013186813186813189,0.0,0.4966933789776693,0.6761619869920912,0.32075471698113134,0.8247775496235459,0.22302158273381334,0.0,0.03121636167922498,0.01098901098901099,0.009483667017913602,0.010976948408342482,0
2026-05-12 17:08:52.210,idle,0.003296703296703299,0.0,0.4963043647397498,0.676955152174405,0.32075471698113134,0.8247775496235459,0.22302158273381334,0.0,0.0,0.01098901098901099,0.0,0.010976948408342482,0
2026-05-12 17:08:53.213,idle,0.014285714285714284,0.0,0.4960450219144672,0.6774310512837944,0.32075471698113134,0.8247775496235459,0.22302158273381334,0.0,0.020452099031216364,0.01098901098901099,0.01896733403582719,0.010976948408342482,0
2026-05-12 17:08:54.216,idle,0.02747252747252748,0.0,0.4960709561969967,0.6764339293403125,0.32075471698113134,0.8247775496235459,0.22302158273381334,0.0,0.04198062432723358,0.02197802197802198,0.0410958904109589,0.010976948408342482,0
2026-05-12 17:08:55.216,idle,0.01978021978021978,0.0,0.4940999507248627,0.6785188206766835,0.32075471698113134,0.8247775496235459,0.22302158273381334,0.0,0.03121636167922498,0.02197802197802198,0.010537407797681766,0.021953896816684963,0
2026-05-12 17:08:56.218,idle,0.0,0.0,0.4929329080110989,0.6798558705554427,0.32075471698113134,0.8247775496235459,0.22302158273381334,0.0,0.0,0.0,0.009483667017913602,0.0,0
2026-05-12 17:08:57.221,idle,0.016483516483516487,0.0,0.4928032365984585,0.6791306909601831,0.32075471698113134,0.8247775496235459,0.22302158273381334,0.0,0.01937567276641551,0.02197802197802198,0.01896733403582719,0.010976948408342482,0
2026-05-12 17:08:58.225,idle,0.1,0.0,0.5334163230374234,0.6454778253676885,0.35849056603773555,0.8247775496235459,0.22302158273381334,0.0,0.1302475780409042,0.07692307692307693,0.12750263435194942,0.06586169045005488,0
2026-05-12 17:08:59.229,idle,0.029670329670329683,0.0,0.5336756658627024,0.6459084007523739,0.35849056603773555,0.8247775496235459,0.22302158273381334,0.0,0.030139935414424113,0.02197802197802198,0.009483667017913602,0.06586169045005488,0
2026-05-12 17:09:00.233,idle,0.3428571428571429,0.0,0.5292927721154594,0.6139325129739159,0.37735849056603676,0.8247775496235459,0.22302158273381334,0.0,0.4940796555435953,0.2417582417582418,0.40990516332982085,0.20856201975850716,0
2026-05-12 17:09:01.237,idle,0.06593406593406595,0.0,0.5814206799968868,0.5558728216284807,0.4528301886792452,0.8247775496235459,0.22302158273381334,0.0,0.10656620021528525,0.04395604395604396,0.07481559536354056,0.043907793633369926,0
2026-05-12 17:09:02.242,idle,0.03846153846153847,0.0,0.5824321170154825,0.5544224624379632,0.4528301886792452,0.8247775496235459,0.22302158273381334,0.0,0.06350914962325081,0.03296703296703297,0.0410958904109589,0.021953896816684963,0
2026-05-12 17:09:03.245,idle,0.016483516483516487,0.0,0.587178090718119,0.5534480023568333,0.4528301886792452,0.8247775496235459,0.22302158273381334,0.0,0.03121636167922498,0.01098901098901099,0.02002107481559537,0.010976948408342482,0
2026-05-12 17:09:04.250,idle,0.005494505494505496,0.0,0.5877745792162674,0.5536292972556485,0.4528301886792452,0.8247775496235459,0.22302158273381334,0.0,0.0,0.01098901098901099,0.009483667017913602,0.010976948408342482,0
2026-05-12 17:09:05.250,idle,0.08351648351648353,0.0,0.5917684587255891,0.5495275001699635,0.4528301886792452,0.8247775496235459,0.22302158273381334,0.0,0.14101184068891282,0.03296703296703297,0.12750263435194942,0.03293084522502744,0
2026-05-12 17:09:06.250,idle,0.04945054945054946,0.0,0.594335952695868,0.5476465655947607,0.4528301886792452,0.8247775496235459,0.22302158273381334,0.0,0.07427341227125943,0.04395604395604396,0.06217070600632245,0.021953896816684963,0
2026-05-12 17:09:07.253,idle,0.06593406593406595,0.0,0.595165849736766,0.5456069979830938,0.4528301886792452,0.8247775496235459,0.22302158273381334,0.0,0.12809472551130247,0.02197802197802198,0.08429926238145415,0.03293084522502744,0
2026-05-12 17:09:08.255,idle,0.5703296703296704,0.0,0.5984595036178337,0.42064948897500365,0.584905660377359,0.7371663244353179,0.17985611510791344,0.0,0.6081808396124865,0.5494505494505495,0.5995785036880927,0.4939626783754117,0
2026-05-12 17:09:09.256,idle,0.9527472527472529,0.0,0.5305635519593341,0.27985133818297214,0.7169811320754711,0.5619438740588638,0.09352517985611453,0.0,0.913885898815931,0.9879120879120881,0.905163329820864,0.954994511525796,0
2026-05-12 17:09:10.260,idle,0.9505494505494506,0.0,0.4952151248735692,0.19611575679289306,0.8113207547169807,0.5619438740588638,0.09352517985611453,0.0,0.9246501614639396,0.9571428571428572,0.905163329820864,0.9659714599341384,0
2026-05-12 17:09:11.262,idle,0.8868131868131869,0.0,0.40065873077621283,0.2364765336415351,0.7735849056603765,0.5619438740588638,0.09352517985611453,0.0,0.8826695371367059,0.887912087912088,0.8735511064278187,0.8562019758507136,0
2026-05-12 17:09:12.262,idle,0.9186813186813187,0.0,0.35662231904354336,0.18075101411834016,0.830188679245282,0.3867214236824097,0.0,0.0,0.9020452099031215,0.9230769230769231,0.8830347734457323,0.9198682766191,0
2026-05-12 17:09:13.263,idle,0.9065934065934067,0.0,0.3294172566715936,0.15453123937725177,0.8490566037735832,0.3867214236824097,0.0,0.0,0.8708288482238965,0.9230769230769231,0.8735511064278187,0.911086717892426,0
2026-05-12 17:09:14.268,idle,0.9010989010989012,0.0,0.3257605228351341,0.14562512747297607,0.8679245283018862,0.3867214236824097,0.0,0.0,0.8815931108719052,0.9230769230769231,0.8429926238145415,0.911086717892426,0
2026-05-12 17:09:15.272,idle,0.6714285714285714,0.0,0.2632589019424767,0.1253880843927755,0.8867924528301874,0.3867214236824097,0.0,0.0,0.7416576964477932,0.6043956043956045,0.7312961011591148,0.570801317233809,0
2026-05-12 17:09:16.272,idle,0.832967032967033,0.0,0.2578645711766381,0.0,1.0,0.08761122518822795,1.0,0.0,0.8493003229278794,0.8131868131868133,0.8124341412012644,0.809001097694841,0
2026-05-12 17:09:17.273,idle,0.7340659340659341,0.0,0.0833787183277579,0.08455140843474496,0.9245283018867916,0.0,0.942446043165468,0.0,0.81270182992465,0.643956043956044,0.7997892518440464,0.636663007683864,0
2026-05-12 17:09:18.273,idle,0.7813186813186813,0.0,0.08547939521253234,0.04455322138373319,0.9622641509433958,0.0,0.942446043165468,0.0,0.936490850376749,0.598901098901099,0.9357218124341412,0.5982436882546652,0
2026-05-12 17:09:19.278,idle,0.7241758241758243,0.0,0.07378303379237039,0.03514854850771609,0.9811320754716952,0.0,0.942446043165468,0.0,0.9677072120559741,0.48791208791208796,0.957850368809273,0.4281009879253568,0
2026-05-12 17:09:20.283,idle,0.6846153846153846,0.0,0.09403770844679471,0.025018696036440247,0.9811320754716952,0.0,0.942446043165468,0.0,0.9354144241119483,0.40219780219780227,0.9251844046364595,0.4281009879253568,0
2026-05-12 17:09:21.287,idle,0.5560439560439561,0.0,0.05098679945019313,0.05975933102182385,0.943396226415091,0.0,0.942446043165468,0.0,0.8611410118406887,0.23076923076923078,0.8524762908324551,0.2305159165751921,0
2026-05-12 17:09:22.289,idle,0.5230769230769231,0.0,0.07233071397079804,0.042196387699140914,0.9622641509433958,0.0,0.942446043165468,0.0,0.836383207750269,0.19780219780219782,0.8429926238145415,0.1668496158068057,0
2026-05-12 17:09:23.289,idle,0.5329670329670331,0.0,0.04745973702637407,0.062931991751082,0.943396226415091,0.0,0.942446043165468,0.0,0.8406889128094724,0.2,0.839831401475237,0.20636663007683867,0
2026-05-12 17:09:24.290,idle,0.6285714285714287,0.0,0.028372105085713528,0.07927119450676479,0.9245283018867916,0.0,0.942446043165468,0.0,0.8923573735199137,0.3703296703296704,0.9157007376185458,0.2777167947310648,0
2026-05-12 17:09:25.291,idle,0.7241758241758243,0.0,0.04084649498171622,0.06877875223785956,0.943396226415091,0.0,0.942446043165468,0.0,0.9569429494079654,0.49010989010989015,0.9473129610115911,0.4434687156970362,0
2026-05-12 17:09:26.291,idle,0.7054945054945055,0.0,0.03534842708576491,0.0738096856799686,0.943396226415091,0.0,0.942446043165468,0.0,0.9558665231431646,0.47692307692307695,0.9473129610115911,0.3885839736553238,0
2026-05-12 17:09:27.296,idle,0.7681318681318683,0.0,0.03711195829767355,0.061889546082896985,0.943396226415091,0.0,0.942446043165468,0.0,0.9246501614639396,0.610989010989011,0.9146469968387777,0.570801317233809,0
2026-05-12 17:09:28.296,idle,0.5879120879120879,0.0,0.02966881921211595,0.06744170235909941,0.943396226415091,0.0,0.942446043165468,0.0,0.720129171151776,0.4835164835164836,0.6912539515279241,0.4215148188803513,0
2026-05-12 17:09:29.297,idle,0.6032967032967034,0.0,0.02087709743509869,0.07605321005280175,0.9245283018867916,0.0,0.942446043165468,0.0,0.7136706135629709,0.5109890109890111,0.6944151738672286,0.4610318331503842,0
2026-05-12 17:09:30.300,idle,0.5120879120879122,0.0,0.028735185041105282,0.06927731320959918,0.943396226415091,0.0,0.942446043165468,0.0,0.666307857911733,0.4175824175824176,0.6016859852476291,0.3326015367727772,0
2026-05-12 17:09:31.300,idle,0.46153846153846156,0.0,0.01299307554656437,0.08251184082307894,0.9245283018867916,0.0,0.942446043165468,0.0,0.61248654467169,0.34065934065934067,0.5679662802950474,0.296377607025247,0
2026-05-12 17:09:32.301,idle,0.5340659340659342,0.0,0.0,0.08910644276746638,0.9245283018867916,0.0,0.942446043165468,0.0,0.666307857911733,0.421978021978022,0.631190727081138,0.38419319429198684,0
2026-05-12 17:09:33.301,idle,0.7560439560439561,0.0,-0.042039471978007725,0.1189294536224983,0.8867924528301874,0.0,0.942446043165468,0.0,0.7933261571582345,0.7032967032967034,0.7871443624868282,0.6981339187705818,0
2026-05-12 17:09:34.301,idle,0.5846153846153846,0.0,-0.023522394252962542,0.09998413669635386,0.9056603773584904,0.0,0.942446043165468,0.0,0.7136706135629709,0.46153846153846156,0.7049525816649104,0.4171240395170143,0
2026-05-12 17:09:35.304,idle,0.5868131868131868,0.0,-0.028268367955600837,0.10603485394429679,0.9056603773584904,0.0,0.942446043165468,0.0,0.7276641550053821,0.47692307692307695,0.6775553213909379,0.4390779363336993,0
2026-05-12 17:09:36.307,idle,0.5637362637362637,0.0,-0.027049456676781602,0.10397262447027877,0.9056603773584904,0.0,0.942446043165468,0.0,0.6803013993541441,0.443956043956044,0.6765015806111696,0.4105378704720088,0
2026-05-12 17:09:37.308,idle,0.5274725274725275,0.0,-0.0540729790710337,0.12851542139733052,0.8867924528301874,0.0,0.942446043165468,0.0,0.6630785791173304,0.39560439560439564,0.649104320337197,0.3732162458836444,0
2026-05-12 17:09:38.313,idle,0.5043956043956044,0.0,-0.05355429342047202,0.12865139257144165,0.8867924528301874,0.0,0.942446043165468,0.0,0.6555435952637243,0.37362637362637363,0.6206533192834562,0.3326015367727772,0
2026-05-12 17:09:39.317,idle,0.5285714285714287,0.0,-0.052854067792214465,0.1284247739479234,0.8867924528301874,0.0,0.942446043165468,0.0,0.6878363832077502,0.410989010989011,0.6269757639620652,0.3545554335894621,0
2026-05-12 17:09:40.318,idle,0.5065934065934067,0.0,-0.05228351357659733,0.12860606884673764,0.8867924528301874,0.0,0.942446043165468,0.0,0.6587728740581269,0.3769230769230769,0.6385669125395153,0.3260153677277717,0
2026-05-12 17:09:41.322,idle,0.4626373626373627,0.0,-0.06488757488524044,0.13758016633806935,0.8679245283018862,0.0,0.942446043165468,0.0,0.61248654467169,0.3373626373626374,0.5679662802950474,0.30735455543358947,0
2026-05-12 17:09:42.324,idle,0.7901098901098902,0.0,-0.0572110272569315,0.13372764973825557,0.8679245283018862,0.0,0.942446043165468,0.0,0.8256189451022603,0.7802197802197803,0.8208640674394099,0.6871569703622393,0
2026-05-12 17:09:43.324,idle,0.8692307692307693,0.0,-0.05661453875878486,0.1319373626124598,0.8679245283018862,0.0,0.942446043165468,0.0,0.891280947255113,0.8857142857142857,0.8619599578503688,0.7903402854006587,0
2026-05-12 17:09:44.329,idle,0.8824175824175825,0.0,-0.054902876111931675,0.13200534819951493,0.8679245283018862,0.0,0.942446043165468,0.0,0.8815931108719052,0.8923076923076924,0.864067439409905,0.845225027442371,0
2026-05-12 17:09:45.330,idle,0.7010989010989012,0.0,-0.05425451904873135,0.13157477281482954,0.8679245283018862,0.0,0.942446043165468,0.0,0.7524219590958018,0.6923076923076924,0.7365648050579557,0.5817782656421515,0
2026-05-12 17:09:46.330,idle,0.30879120879120886,0.0,-0.05313934490002303,0.12919527726788615,0.8867924528301874,0.0,0.942446043165468,0.0,0.5209903121636167,0.17802197802197803,0.3983140147523709,0.12184412733260154,0
2026-05-12 17:09:47.331,idle,0.3296703296703297,0.0,-0.057937187167716786,0.1363111020463661,0.8679245283018862,0.0,0.942446043165468,0.0,0.5156081808396124,0.2087912087912088,0.43097997892518436,0.14270032930845225,0
2026-05-12 17:09:48.333,idle,0.29010989010989013,0.0,-0.07012629995591091,0.14811793233167947,0.8679245283018862,0.0,0.942446043165468,0.0,0.5048439181916038,0.15384615384615385,0.3614330874604847,0.12184412733260154,0
2026-05-12 17:09:49.338,idle,0.26043956043956046,0.0,-0.06587307762130834,0.139370453463866,0.8679245283018862,0.0,0.942446043165468,0.0,0.45640473627556505,0.14285714285714288,0.3424657534246575,0.08671789242590561,0
2026-05-12 17:09:50.342,idle,0.2373626373626374,0.0,-0.06436888923468054,0.13776146123688449,0.8679245283018862,0.0,0.942446043165468,0.0,0.4833153928955866,0.1208791208791209,0.2866174920969441,0.043907793633369926,0
2026-05-12 17:09:51.346,idle,0.24285714285714288,0.0,-0.06385020358411708,0.13898520180388374,0.8679245283018862,0.0,0.942446043165468,0.0,0.4510226049515608,0.1098901098901099,0.35089567966280294,0.043907793633369926,0
2026-05-12 17:09:52.346,idle,0.2406593406593407,0.0,-0.06416141497445516,0.13810138917216186,0.8679245283018862,0.0,0.942446043165468,0.0,0.4294940796555436,0.1208791208791209,0.3466807165437302,0.05488474204171241,0
2026-05-12 17:09:53.350,idle,0.29010989010989013,0.0,-0.07440545657304476,0.1398690144356065,0.8679245283018862,0.0,0.942446043165468,0.0,0.5102260495156081,0.14615384615384616,0.3888303477344573,0.09769484083424809,0
2026-05-12 17:09:54.350,idle,0.3384615384615385,0.0,-0.07176015975518091,0.13724023840279198,0.8679245283018862,0.0,0.942446043165468,0.0,0.4456404736275565,0.21758241758241761,0.553213909378293,0.12184412733260154,0
2026-05-12 17:09:55.351,idle,0.28571428571428575,0.0,-0.0888767862237092,0.15387404536904814,0.8490566037735832,0.0,0.942446043165468,0.0,0.35199138858988155,0.16703296703296705,0.505795574288725,0.09879253567508234,0
2026-05-12 17:09:56.353,idle,0.27692307692307694,0.0,-0.08903239191887735,0.15353411743377077,0.8490566037735832,0.0,0.942446043165468,0.0,0.3369214208826695,0.13296703296703297,0.5468914646996839,0.06695938529088913,0
2026-05-12 17:09:57.355,idle,0.2670329670329671,0.0,-0.09030317176275382,0.15527908083486253,0.8490566037735832,0.0,0.942446043165468,0.0,0.44025834230355215,0.12197802197802199,0.40990516332982085,0.07683863885839737,0
2026-05-12 17:09:58.357,idle,0.2956043956043956,0.0,-0.08962888041702222,0.15455390123960377,0.8490566037735832,0.0,0.942446043165468,0.0,0.44025834230355215,0.18681318681318682,0.4257112750263435,0.11086717892425905,0
2026-05-12 17:09:59.357,idle,0.28681318681318685,0.0,-0.08991415752483256,0.1541459877172704,0.8490566037735832,0.0,0.942446043165468,0.0,0.4284176533907427,0.2,0.4141201264488935,0.0889132821075741,0
2026-05-12 17:10:00.361,idle,0.2505494505494506,0.0,0.02596021681060101,0.05407120357150941,0.9622641509433958,0.0,0.942446043165468,0.0,0.40150699677072116,0.1098901098901099,0.40358271865121176,0.07574094401756312,0
2026-05-12 17:10:01.364,idle,0.2505494505494506,0.0,0.026012085375658245,0.05343667142565778,0.9622641509433958,0.0,0.942446043165468,0.0,0.44025834230355215,0.1098901098901099,0.37829293993677554,0.05488474204171241,0
2026-05-12 17:10:02.368,idle,0.24285714285714288,0.0,0.02468943696672632,0.05422983660797254,0.9622641509433958,0.0,0.942446043165468,0.0,0.39074273412271254,0.1208791208791209,0.3825079030558482,0.06586169045005488,0
2026-05-12 17:10:03.373,idle,0.24505494505494507,0.0,0.025493399725096566,0.05336868583860177,0.9622641509433958,0.0,0.942446043165468,0.0,0.38643702906350913,0.1098901098901099,0.40990516332982085,0.05598243688254665,0
2026-05-12 17:10:04.374,idle,0.24945054945054945,0.0,0.02632329676599454,0.053572642599768905,0.9622641509433958,0.0,0.942446043165468,0.0,0.39074273412271254,0.13296703296703297,0.3825079030558482,0.07683863885839737,0
2026-05-12 17:10:05.374,idle,0.2923076923076924,0.0,0.030576519100598887,0.050603938631676115,0.9622641509433958,-0.08761122518822617,0.8920863309352516,0.0,0.43487621097954793,0.18681318681318682,0.39304531085353,0.141602634467618,0
2026-05-12 17:10:06.376,idle,0.28681318681318685,0.0,0.16522731398635848,-0.06014458268180478,1.0754716981132049,-0.08761122518822617,0.8920863309352516,0.0,0.4391819160387513,0.13296703296703297,0.4257112750263435,0.132821075740944,0
2026-05-12 17:10:07.380,idle,0.27142857142857146,0.0,0.16712051661090754,-0.06424637976748926,1.0754716981132049,-0.08761122518822617,0.8920863309352516,0.0,0.43057050592034446,0.16483516483516486,0.3825079030558482,0.08781558726673985,0
2026-05-12 17:10:08.383,idle,0.23516483516483516,0.0,0.16499390544360537,-0.06057515806648972,1.0754716981132049,-0.08761122518822617,0.8920863309352516,0.0,0.3799784714747039,0.09010989010989011,0.3951527924130664,0.05488474204171241,0
2026-05-12 17:10:09.388,idle,0.30000000000000004,0.0,0.16789854508675006,-0.06336256713576738,1.0754716981132049,-0.08761122518822617,0.8920863309352516,0.0,0.4122712594187298,0.2065934065934066,0.4362486828240253,0.13172338090010977,0
2026-05-12 17:10:10.391,idle,0.2483516483516484,0.0,0.1702066962317499,-0.06442767466630439,1.0754716981132049,-0.08761122518822617,0.8920863309352516,0.0,0.36921420882669537,0.13186813186813187,0.3888303477344573,0.08781558726673985,0
2026-05-12 17:10:11.395,idle,0.25164835164835164,0.0,0.1398117171088451,-0.03886509393341919,1.0566037735849036,-0.08761122518822617,0.8920863309352516,0.0,0.40150699677072116,0.13296703296703297,0.3825079030558482,0.07683863885839737,0
2026-05-12 17:10:12.395,idle,0.2417582417582418,0.0,0.09676080811224352,-0.0019262582999068911,1.0188679245282994,-0.08761122518822617,0.8920863309352516,0.0,0.3756727664155005,0.14395604395604397,0.36564805057955735,0.06695938529088913,0
2026-05-12 17:10:13.397,idle,0.25164835164835164,0.0,0.09746103374050108,0.004713667369184549,1.0,-0.08761122518822617,0.8920863309352516,0.0,0.3842841765339074,0.14285714285714288,0.36775553213909373,0.09879253567508234,0
2026-05-12 17:10:14.402,idle,0.24725274725274726,0.0,0.09738323089291612,0.003082013279851914,1.0,-0.08761122518822617,0.8920863309352516,0.0,0.3713670613562971,0.13296703296703297,0.37829293993677554,0.08781558726673985,0
2026-05-12 17:10:15.403,idle,0.2956043956043956,0.0,0.09982105345055636,0.0044643868833142974,1.0,-0.08761122518822617,0.8920863309352516,0.0,0.4068891280947255,0.2087912087912088,0.39936775553213905,0.15367727771679474,0
2026-05-12 17:10:16.407,idle,0.2571428571428572,0.0,0.1597551803729349,-0.04956149296349155,1.0566037735849036,-0.08761122518822617,0.8920863309352516,0.0,0.38643702906350913,0.17582417582417584,0.3551106427818756,0.09879253567508234,0
2026-05-12 17:10:17.408,idle,0.2483516483516484,0.0,0.1418605254285641,-0.033290275794864765,1.0377358490566007,-0.08761122518822617,0.8920863309352516,0.0,0.38643702906350913,0.13296703296703297,0.357218124341412,0.09879253567508234,0
2026-05-12 17:10:18.412,idle,0.2505494505494506,0.0,0.12969734692289592,-0.024429487615292178,1.0377358490566007,-0.08761122518822617,0.8920863309352516,0.0,0.39074273412271254,0.14285714285714288,0.36775553213909373,0.08781558726673985,0
2026-05-12 17:10:19.415,idle,0.37252747252747254,0.0,0.059882258357321305,0.03625897976295711,0.9811320754716952,-0.08761122518822617,0.8920863309352516,0.0,0.4833153928955866,0.28571428571428575,0.4994731296101159,0.19978046103183317,0
2026-05-12 17:10:20.415,idle,0.29010989010989013,0.0,0.060530615420523404,0.034853944297142725,0.9811320754716952,-0.08761122518822617,0.8920863309352516,0.0,0.4284176533907427,0.17802197802197803,0.40358271865121176,0.132821075740944,0
2026-05-12 17:10:21.416,idle,0.21758241758241764,0.0,0.06068622111569333,0.034287397738346215,0.9811320754716952,-0.08761122518822617,0.8920863309352516,0.0,0.3153928955866523,0.1208791208791209,0.3614330874604847,0.06476399560922065,0
2026-05-12 17:10:22.418,idle,0.37802197802197807,0.0,0.06325371508597222,0.03329027579486521,0.9811320754716952,-0.08761122518822617,0.8920863309352516,0.0,0.4617868675995694,0.321978021978022,0.452054794520548,0.25466520307354557,0
2026-05-12 17:10:23.418,idle,0.2142857142857143,0.0,0.06325371508597222,0.0322478301266802,0.9811320754716952,-0.08761122518822617,0.8920863309352516,0.0,0.3369214208826695,0.110989010989011,0.3329820864067439,0.06586169045005488,0
2026-05-12 17:10:24.423,idle,0.2263736263736264,0.0,0.05544749604502286,0.04022480567453002,0.9622641509433958,-0.08761122518822617,0.8920863309352516,0.0,0.3541442411194833,0.14175824175824178,0.321390937829294,0.07574094401756312,0
2026-05-12 17:10:25.423,idle,0.2252747252747253,0.0,0.05140174797064212,0.04328415709202993,0.9622641509433958,-0.08761122518822617,0.8920863309352516,0.0,0.36921420882669537,0.110989010989011,0.34035827186512113,0.06695938529088913,0
2026-05-12 17:10:26.426,idle,0.2527472527472528,0.0,0.03571150704115844,0.05769710154780494,0.943396226415091,-0.08761122518822617,0.8920863309352516,0.0,0.39720129171151775,0.15494505494505495,0.34457323498419384,0.09989023051591658,0
2026-05-12 17:10:27.429,idle,0.2142857142857143,0.0,0.029020462148915627,0.06304530106284112,0.943396226415091,-0.08761122518822617,0.8920863309352516,0.0,0.3369214208826695,0.1098901098901099,0.32560590094836667,0.07574094401756312,0
2026-05-12 17:10:28.431,idle,0.18571428571428572,0.0,0.030498716253013924,0.0605071724794346,0.943396226415091,-0.08761122518822617,0.8920863309352516,0.0,0.40150699677072116,0.08901098901098901,0.19915700737618547,0.043907793633369926,0
2026-05-12 17:10:29.431,idle,0.21978021978021983,0.0,0.030680256230711578,0.061730913046433855,0.943396226415091,-0.08761122518822617,0.8920863309352516,0.0,0.38643702906350913,0.15274725274725276,0.2760800842992624,0.05488474204171241,0
2026-05-12 17:10:30.432,idle,0.2021978021978022,0.0,0.030809927643351998,0.06127767579939736,0.943396226415091,-0.08761122518822617,0.8920863309352516,0.0,0.40150699677072116,0.110989010989011,0.24446786090621708,0.043907793633369926,0
2026-05-12 17:10:31.437,idle,0.1945054945054945,0.0,0.03042091340543074,0.061662927459378736,0.943396226415091,-0.08761122518822617,0.8920863309352516,0.0,0.3756727664155005,0.09890109890109891,0.24868282402528974,0.043907793633369926,0
2026-05-12 17:10:32.441,idle,0.20879120879120883,0.0,0.09053658030550515,0.009676615224239349,1.0,-0.08761122518822617,0.8920863309352516,0.0,0.34768568353067814,0.10879120879120881,0.29715489989462585,0.07574094401756312,0
2026-05-12 17:10:33.441,idle,0.44945054945054946,0.0,0.32264840893176583,-0.19922043193509653,1.2075471698113187,-0.08761122518822617,0.8920863309352516,0.0,0.773950484391819,0.15714285714285717,0.6522655426765015,0.16794731064763999,0
2026-05-12 17:10:34.442,idle,0.5263736263736264,0.0,0.3541066936383199,-0.2429578262741634,1.2641509433962241,-0.08761122518822617,0.8920863309352516,0.0,0.8170075349838535,0.27472527472527475,0.744994731296101,0.2305159165751921,0
2026-05-12 17:10:35.442,idle,0.39560439560439564,0.0,0.36007157861977745,-0.2292247376889427,1.245283018867923,-0.08761122518822617,0.8920863309352516,0.0,0.6523143164693218,0.16703296703296705,0.5785036880927291,0.15477497255762898,0
